{"cameraMode":{"drawMode":0,"name":"Shaded","section":"Shading Mode"},"sceneLighting":false,"audioPlay":false,"sceneViewState":{"showFog":true,"showMaterialUpdate":false,"showSkybox":true,"showFlares":true,"showImageEffects":true,"showParticleSystems":true},"in2DMode":false,"pivot":{"x":1.4843182563781739,"y":3.2029850482940676,"z":0.4474022388458252},"rotation":{"x":-0.18672531843185426,"y":-0.5504627227783203,"z":0.12790656089782716,"w":-0.803594708442688},"size":9.042439460754395,"orthographic":false}