{"cameraMode":{"drawMode":0,"name":"Shaded","section":"Shading Mode"},"sceneLighting":false,"audioPlay":false,"sceneViewState":{"showFog":true,"showMaterialUpdate":false,"showSkybox":true,"showFlares":true,"showImageEffects":true,"showParticleSystems":true},"in2DMode":false,"pivot":{"x":0.03534114360809326,"y":0.12940174341201783,"z":0.007880210876464844},"rotation":{"x":-0.18672531843185426,"y":-0.5504627227783203,"z":0.12790656089782716,"w":-0.803594708442688},"size":1.406829595565796,"orthographic":false}