{"cameraMode":{"drawMode":0,"name":"Shaded","section":"Shading Mode"},"sceneLighting":false,"audioPlay":false,"sceneViewState":{"showFog":true,"showMaterialUpdate":false,"showSkybox":true,"showFlares":true,"showImageEffects":true,"showParticleSystems":true},"in2DMode":false,"pivot":{"x":0.015002310276031495,"y":0.0009995698928833008,"z":0.25200000405311587},"rotation":{"x":-0.18672531843185426,"y":-0.5504627227783203,"z":0.12790656089782716,"w":-0.803594708442688},"size":2.3068294525146486,"orthographic":false}