{"cameraMode":{"drawMode":0,"name":"Shaded","section":"Shading Mode"},"sceneLighting":false,"audioPlay":false,"sceneViewState":{"showFog":true,"showMaterialUpdate":false,"showSkybox":true,"showFlares":true,"showImageEffects":true,"showParticleSystems":true},"in2DMode":false,"pivot":{"x":0.00000260770320892334,"y":5.295092582702637,"z":0.0},"rotation":{"x":-0.18672531843185426,"y":-0.5504627227783203,"z":0.12790656089782716,"w":-0.803594708442688},"size":2.288980007171631,"orthographic":false}