{"cameraMode":{"drawMode":0,"name":"Shaded","section":"Shading Mode"},"sceneLighting":false,"audioPlay":false,"sceneViewState":{"showFog":true,"showMaterialUpdate":false,"showSkybox":true,"showFlares":true,"showImageEffects":true,"showParticleSystems":true},"in2DMode":false,"pivot":{"x":-2.384185791015625e-7,"y":0.050369083881378177,"z":5.364418029785156e-7},"rotation":{"x":-0.034792590886354449,"y":-0.9279317855834961,"z":0.08964721113443375,"w":-0.3601326644420624},"size":4.58751916885376,"orthographic":false}