{"cameraMode":{"drawMode":0,"name":"Shaded","section":"Shading Mode"},"sceneLighting":false,"audioPlay":false,"sceneViewState":{"showFog":true,"showMaterialUpdate":false,"showSkybox":true,"showFlares":true,"showImageEffects":true,"showParticleSystems":true},"in2DMode":false,"pivot":{"x":0.4899868965148926,"y":-0.09858512878417969,"z":-1.0508806705474854},"rotation":{"x":-0.08248870074748993,"y":-0.8992510437965393,"z":0.19337153434753419,"w":-0.3836023211479187},"size":5.284317493438721,"orthographic":false}