{"cameraMode":{"drawMode":0,"name":"Shaded","section":"Shading Mode"},"sceneLighting":false,"audioPlay":false,"sceneViewState":{"showFog":true,"showMaterialUpdate":false,"showSkybox":true,"showFlares":true,"showImageEffects":true,"showParticleSystems":true},"in2DMode":false,"pivot":{"x":248.13372802734376,"y":103.75836181640625,"z":-42.331329345703128},"rotation":{"x":-0.22427110373973847,"y":-0.17057432234287263,"z":0.039904385805130008,"w":-0.9586524367332459},"size":350.6524658203125,"orthographic":false}