{"cameraMode":{"drawMode":0,"name":"Shaded","section":"Shading Mode"},"sceneLighting":false,"audioPlay":false,"sceneViewState":{"showFog":true,"showMaterialUpdate":false,"showSkybox":true,"showFlares":true,"showImageEffects":true,"showParticleSystems":true},"in2DMode":false,"pivot":{"x":10.175567626953125,"y":3.33347225189209,"z":-0.14121520519256593},"rotation":{"x":-0.08248870074748993,"y":-0.8992510437965393,"z":0.19337153434753419,"w":-0.3836023211479187},"size":3.0179295539855959,"orthographic":false}