{"cameraMode":{"drawMode":0,"name":"Shaded","section":"Shading Mode"},"sceneLighting":false,"audioPlay":false,"sceneViewState":{"showFog":true,"showMaterialUpdate":false,"showSkybox":true,"showFlares":true,"showImageEffects":true,"showParticleSystems":true},"in2DMode":false,"pivot":{"x":0.013687312602996827,"y":3.2449090480804445,"z":-7.730000019073486},"rotation":{"x":-0.034792590886354449,"y":-0.9279317855834961,"z":0.08964721113443375,"w":-0.3601326644420624},"size":2.192166805267334,"orthographic":false}