{"cameraMode":{"drawMode":0,"name":"Shaded","section":"Shading Mode"},"sceneLighting":true,"audioPlay":false,"sceneViewState":{"showFog":true,"showMaterialUpdate":false,"showSkybox":true,"showFlares":true,"showImageEffects":true,"showParticleSystems":true},"in2DMode":false,"pivot":{"x":-2.057905435562134,"y":0.08868256211280823,"z":-2.3996012210845949},"rotation":{"x":0.04829159751534462,"y":-0.9466330409049988,"z":0.16933539509773255,"w":0.2699616551399231},"size":9.482318878173829,"orthographic":false}