{"cameraMode":{"drawMode":0,"name":"Shaded","section":"Shading Mode"},"sceneLighting":true,"audioPlay":false,"sceneViewState":{"showFog":true,"showMaterialUpdate":false,"showSkybox":true,"showFlares":true,"showImageEffects":true,"showParticleSystems":true},"in2DMode":false,"pivot":{"x":-0.3430757224559784,"y":0.8178257942199707,"z":1.8389443159103394},"rotation":{"x":0.12228237837553024,"y":-0.08177366852760315,"z":0.01010951679199934,"w":0.9890692234039307},"size":4.041658401489258,"orthographic":false}