{"cameraMode":{"drawMode":0,"name":"Shaded","section":"Shading Mode"},"sceneLighting":false,"audioPlay":false,"sceneViewState":{"showFog":true,"showMaterialUpdate":false,"showSkybox":true,"showFlares":true,"showImageEffects":true,"showParticleSystems":true},"in2DMode":false,"pivot":{"x":-1.5415172576904297,"y":-0.2791999876499176,"z":0.8956966996192932},"rotation":{"x":0.03607720509171486,"y":-0.5969828963279724,"z":0.026888243854045869,"w":0.8009912371635437},"size":2.5041656494140627,"orthographic":false}