{"cameraMode":{"drawMode":0,"name":"Shaded","section":"Shading Mode"},"sceneLighting":false,"audioPlay":false,"sceneViewState":{"showFog":true,"showMaterialUpdate":false,"showSkybox":true,"showFlares":true,"showImageEffects":true,"showParticleSystems":true},"in2DMode":false,"pivot":{"x":7.5,"y":2.4246137142181398,"z":-4.470348358154297e-7},"rotation":{"x":0.0020077740773558618,"y":0.9950668811798096,"z":0.02059115655720234,"w":-0.09702516347169876},"size":11.543286323547364,"orthographic":false}