{"cameraMode":{"drawMode":0,"name":"Shaded","section":"Shading Mode"},"sceneLighting":false,"audioPlay":false,"sceneViewState":{"showFog":true,"showMaterialUpdate":false,"showSkybox":true,"showFlares":true,"showImageEffects":true,"showParticleSystems":true},"in2DMode":false,"pivot":{"x":-7.4998273849487309,"y":2.759495735168457,"z":0.0063587576150894169},"rotation":{"x":0.0020077740773558618,"y":0.9950668811798096,"z":0.02059115655720234,"w":-0.09702516347169876},"size":12.273750305175782,"orthographic":false}