{"cameraMode":{"drawMode":0,"name":"Shaded","section":"Shading Mode"},"sceneLighting":true,"audioPlay":false,"sceneViewState":{"showFog":true,"showMaterialUpdate":false,"showSkybox":true,"showFlares":true,"showImageEffects":true,"showParticleSystems":true},"in2DMode":false,"pivot":{"x":2.117961883544922,"y":1.1273202896118165,"z":1.852956771850586},"rotation":{"x":-0.02573099173605442,"y":0.970794141292572,"z":-0.12179765850305557,"w":-0.2050902545452118},"size":18.825016021728517,"orthographic":false}