{"cameraMode":{"drawMode":0,"name":"Shaded","section":"Shading Mode"},"sceneLighting":true,"audioPlay":false,"sceneViewState":{"showFog":true,"showMaterialUpdate":false,"showSkybox":true,"showFlares":true,"showImageEffects":true,"showParticleSystems":true},"in2DMode":false,"pivot":{"x":0.2894403636455536,"y":-0.7642408609390259,"z":0.7827091813087463},"rotation":{"x":0.2586982250213623,"y":0.36082005500793459,"z":-0.10489337891340256,"w":0.8898772597312927},"size":2.8578836917877199,"orthographic":false}