{"cameraMode":{"drawMode":0,"name":"Shaded","section":"Shading Mode"},"sceneLighting":true,"audioPlay":false,"sceneViewState":{"showFog":true,"showMaterialUpdate":false,"showSkybox":true,"showFlares":true,"showImageEffects":true,"showParticleSystems":true},"in2DMode":false,"pivot":{"x":-2.7606284618377687,"y":5.314622402191162,"z":2.5978503227233888},"rotation":{"x":0.01008686050772667,"y":-0.9886138439178467,"z":0.07757836580276489,"w":0.12853989005088807},"size":5.3497724533081059,"orthographic":false}