{"cameraMode":{"drawMode":0,"name":"Shaded","section":"Shading Mode"},"sceneLighting":false,"audioPlay":false,"sceneViewState":{"showFog":true,"showMaterialUpdate":false,"showSkybox":true,"showFlares":true,"showImageEffects":true,"showParticleSystems":true},"in2DMode":false,"pivot":{"x":-2.9157395362854006,"y":3.6307477951049806,"z":-0.3375006914138794},"rotation":{"x":0.002413335023447871,"y":-0.9910938739776611,"z":0.13190288841724397,"w":0.0181326474994421},"size":12.833456993103028,"orthographic":false}