{"cameraMode":{"drawMode":0,"name":"Shaded","section":"Shading Mode"},"sceneLighting":false,"audioPlay":false,"sceneViewState":{"showFog":true,"showMaterialUpdate":false,"showSkybox":true,"showFlares":true,"showImageEffects":true,"showParticleSystems":true},"in2DMode":false,"pivot":{"x":-0.33000731468200686,"y":1.5883592367172242,"z":-0.17341116070747376},"rotation":{"x":0.09727305918931961,"y":0.08795762807130814,"z":-0.00863037258386612,"w":0.991325855255127},"size":6.663028717041016,"orthographic":false}