{"cameraMode":{"drawMode":0,"name":"Shaded","section":"Shading Mode"},"sceneLighting":true,"audioPlay":false,"sceneViewState":{"showFog":true,"showMaterialUpdate":false,"showSkybox":true,"showFlares":true,"showImageEffects":true,"showParticleSystems":true},"in2DMode":false,"pivot":{"x":3.770695209503174,"y":1.790066123008728,"z":-5.648471355438232},"rotation":{"x":0.05219046771526337,"y":-0.4114801585674286,"z":0.02360973134636879,"w":0.9096168875694275},"size":4.041658401489258,"orthographic":false}