{"cameraMode":{"drawMode":0,"name":"Shaded","section":"Shading Mode"},"sceneLighting":false,"audioPlay":false,"sceneViewState":{"showFog":true,"showMaterialUpdate":false,"showSkybox":true,"showFlares":true,"showImageEffects":true,"showParticleSystems":true},"in2DMode":false,"pivot":{"x":-1.0305781364440919,"y":1.967217206954956,"z":-0.84123694896698},"rotation":{"x":0.22985200583934785,"y":0.22953660786151887,"z":-0.05588188394904137,"w":0.9441177845001221},"size":0.8857883810997009,"orthographic":false}