{"cameraMode":{"drawMode":0,"name":"Shaded","section":"Shading Mode"},"sceneLighting":true,"audioPlay":false,"sceneViewState":{"showFog":true,"showMaterialUpdate":false,"showSkybox":true,"showFlares":true,"showImageEffects":true,"showParticleSystems":true},"in2DMode":false,"pivot":{"x":0.24026307463645936,"y":2.1456990242004396,"z":0.27097654342651369},"rotation":{"x":0.02870245650410652,"y":0.08535598963499069,"z":-0.0024596164003014566,"w":0.995934009552002},"size":6.878337383270264,"orthographic":false}