{"cameraMode":{"drawMode":0,"name":"Shaded","section":"Shading Mode"},"sceneLighting":true,"audioPlay":false,"sceneViewState":{"showFog":true,"showMaterialUpdate":false,"showSkybox":true,"showFlares":true,"showImageEffects":true,"showParticleSystems":true},"in2DMode":false,"pivot":{"x":5.728436470031738,"y":-7.813891410827637,"z":-14.436741828918457},"rotation":{"x":-0.04310204088687897,"y":-0.9556075930595398,"z":0.2299189269542694,"w":-0.17914724349975587},"size":21.336814880371095,"orthographic":false}