{"cameraMode":{"drawMode":0,"name":"Shaded","section":"Shading Mode"},"sceneLighting":false,"audioPlay":false,"sceneViewState":{"showFog":true,"showMaterialUpdate":false,"showSkybox":true,"showFlares":true,"showImageEffects":true,"showParticleSystems":true},"in2DMode":false,"pivot":{"x":0.8562314510345459,"y":-1.5906366109848023,"z":-0.39316415786743166},"rotation":{"x":-0.1922329068183899,"y":-0.661455512046814,"z":0.18114858865737916,"w":-0.7019318342208862},"size":4.4475297927856449,"orthographic":false}