{"cameraMode":{"drawMode":0,"name":"Shaded","section":"Shading Mode"},"sceneLighting":false,"audioPlay":false,"sceneViewState":{"showFog":true,"showMaterialUpdate":false,"showSkybox":true,"showFlares":true,"showImageEffects":true,"showParticleSystems":true},"in2DMode":false,"pivot":{"x":16.95796012878418,"y":-5.425563812255859,"z":17.893117904663087},"rotation":{"x":-0.07949010282754898,"y":0.9039729237556458,"z":-0.37349700927734377,"w":-0.19239123165607453},"size":4.341658592224121,"orthographic":false}