{"cameraMode":{"drawMode":0,"name":"Shaded","section":"Shading Mode"},"sceneLighting":true,"audioPlay":false,"sceneViewState":{"showFog":true,"showMaterialUpdate":false,"showSkybox":true,"showFlares":true,"showImageEffects":true,"showParticleSystems":true},"in2DMode":false,"pivot":{"x":7.957194805145264,"y":6.132210731506348,"z":10.928627014160157},"rotation":{"x":-0.07949010282754898,"y":0.9039729237556458,"z":-0.37349700927734377,"w":-0.19239123165607453},"size":10.0,"orthographic":false}