{"cameraMode":{"drawMode":0,"name":"Shaded","section":"Shading Mode"},"sceneLighting":false,"audioPlay":false,"sceneViewState":{"showFog":true,"showMaterialUpdate":false,"showSkybox":true,"showFlares":true,"showImageEffects":true,"showParticleSystems":true},"in2DMode":false,"pivot":{"x":-0.07336267828941345,"y":-0.03883955627679825,"z":0.01978820562362671},"rotation":{"x":-0.15602627396583558,"y":0.6334204077720642,"z":-0.13243497908115388,"w":-0.7462542057037354},"size":0.4041658639907837,"orthographic":false}