{"cameraMode":{"drawMode":0,"name":"Shaded","section":"Shading Mode"},"sceneLighting":false,"audioPlay":false,"sceneViewState":{"showFog":true,"showMaterialUpdate":false,"showSkybox":true,"showFlares":true,"showImageEffects":true,"showParticleSystems":true},"in2DMode":false,"pivot":{"x":-0.8643035888671875,"y":-0.577373743057251,"z":0.5107251405715942},"rotation":{"x":0.17796148359775544,"y":-0.5892608165740967,"z":0.13505956530570985,"w":0.7764408588409424},"size":4.464014530181885,"orthographic":false}