{"cameraMode":{"drawMode":0,"name":"Shaded","section":"Shading Mode"},"sceneLighting":true,"audioPlay":false,"sceneViewState":{"showFog":true,"showMaterialUpdate":false,"showSkybox":true,"showFlares":true,"showImageEffects":true,"showParticleSystems":true},"in2DMode":false,"pivot":{"x":-4.970562934875488,"y":-7.22763729095459,"z":6.7542572021484379},"rotation":{"x":0.31993886828422549,"y":-0.2728354036808014,"z":0.09676060080528259,"w":0.9021294116973877},"size":17.475900650024415,"orthographic":false}