{"cameraMode":{"drawMode":0,"name":"Shaded","section":"Shading Mode"},"sceneLighting":false,"audioPlay":false,"sceneViewState":{"showFog":true,"showMaterialUpdate":false,"showSkybox":true,"showFlares":true,"showImageEffects":true,"showParticleSystems":true},"in2DMode":false,"pivot":{"x":241.5205535888672,"y":-4.299775123596191,"z":69.97184753417969},"rotation":{"x":-0.12805800139904023,"y":0.7973037958145142,"z":-0.181978240609169,"w":-0.5610629916191101},"size":17.475900650024415,"orthographic":false}