{"cameraMode":{"drawMode":0,"name":"Shaded","section":"Shading Mode"},"sceneLighting":true,"audioPlay":false,"sceneViewState":{"showFog":true,"showMaterialUpdate":false,"showSkybox":true,"showFlares":true,"showImageEffects":true,"showParticleSystems":true},"in2DMode":false,"pivot":{"x":225.72598266601563,"y":5.537247657775879,"z":38.25798034667969},"rotation":{"x":0.0025548881385475399,"y":0.9960986971855164,"z":-0.030787799507379533,"w":0.08266277611255646},"size":22.0,"orthographic":false}