{"cameraMode":{"drawMode":0,"name":"Shaded","section":"Shading Mode"},"sceneLighting":true,"audioPlay":false,"sceneViewState":{"showFog":true,"showMaterialUpdate":false,"showSkybox":true,"showFlares":true,"showImageEffects":true,"showParticleSystems":true},"in2DMode":false,"pivot":{"x":6.366592884063721,"y":4.1149983406066898,"z":-2.549776315689087},"rotation":{"x":-0.19945287704467774,"y":0.34472402930259707,"z":-0.0752105861902237,"w":-0.9141812324523926},"size":0.27403122186660769,"orthographic":false}