{"cameraMode":{"drawMode":0,"name":"Shaded","section":"Shading Mode"},"sceneLighting":false,"audioPlay":false,"sceneViewState":{"showFog":true,"showMaterialUpdate":false,"showSkybox":true,"showFlares":true,"showImageEffects":true,"showParticleSystems":true},"in2DMode":false,"pivot":{"x":-3.060248374938965,"y":-1.3482398986816407,"z":-5.541687965393066},"rotation":{"x":-0.11778844147920609,"y":0.24374069273471833,"z":-0.02983764000236988,"w":-0.9621985554695129},"size":18.989389419555665,"orthographic":false}