{"cameraMode":{"drawMode":0,"name":"Shaded","section":"Shading Mode"},"sceneLighting":false,"audioPlay":false,"sceneViewState":{"showFog":true,"showMaterialUpdate":false,"showSkybox":true,"showFlares":true,"showImageEffects":true,"showParticleSystems":true},"in2DMode":false,"pivot":{"x":-1.3961973190307618,"y":-1.763242483139038,"z":-12.418980598449707},"rotation":{"x":-0.17604802548885346,"y":0.3979721963405609,"z":-0.07811132073402405,"w":-0.8969525694847107},"size":18.989389419555665,"orthographic":false}