{"cameraMode":{"drawMode":0,"name":"Shaded","section":"Shading Mode"},"sceneLighting":false,"audioPlay":false,"sceneViewState":{"showFog":true,"showMaterialUpdate":false,"showSkybox":true,"showFlares":true,"showImageEffects":true,"showParticleSystems":true},"in2DMode":false,"pivot":{"x":4.92682409286499,"y":1.5943163633346558,"z":0.9078120589256287},"rotation":{"x":0.1444058120250702,"y":0.5815459489822388,"z":-0.10582438856363297,"w":0.7935693860054016},"size":2.113363742828369,"orthographic":false}