{"cameraMode":{"drawMode":0,"name":"Shaded","section":"Shading Mode"},"sceneLighting":false,"audioPlay":false,"sceneViewState":{"showFog":true,"showMaterialUpdate":false,"showSkybox":true,"showFlares":true,"showImageEffects":true,"showParticleSystems":true},"in2DMode":false,"pivot":{"x":1.0540876388549805,"y":1.0499627590179444,"z":-0.6438723802566528},"rotation":{"x":0.03683795407414436,"y":-0.9506444334983826,"z":0.2819395363330841,"w":0.12421052157878876},"size":2.8578836917877199,"orthographic":false}