{"cameraMode":{"drawMode":0,"name":"Shaded","section":"Shading Mode"},"sceneLighting":true,"audioPlay":false,"sceneViewState":{"showFog":true,"showMaterialUpdate":false,"showSkybox":true,"showFlares":true,"showImageEffects":true,"showParticleSystems":true},"in2DMode":false,"pivot":{"x":-25.078506469726564,"y":6.060227870941162,"z":6.356281280517578},"rotation":{"x":-0.14718025922775269,"y":-0.7799962162971497,"z":0.19983889162540437,"w":-0.574463427066803},"size":11.206945419311524,"orthographic":false}