{"cameraMode":{"drawMode":0,"name":"Shaded","section":"Shading Mode"},"sceneLighting":true,"audioPlay":false,"sceneViewState":{"showFog":true,"showMaterialUpdate":false,"showSkybox":true,"showFlares":true,"showImageEffects":true,"showParticleSystems":true},"in2DMode":false,"pivot":{"x":-25.15557861328125,"y":5.7945709228515629,"z":0.6935164332389832},"rotation":{"x":-0.14215007424354554,"y":-0.6890731453895569,"z":0.1406221240758896,"w":-0.6965608596801758},"size":11.206945419311524,"orthographic":false}