{"cameraMode":{"drawMode":0,"name":"Shaded","section":"Shading Mode"},"sceneLighting":false,"audioPlay":false,"sceneViewState":{"showFog":true,"showMaterialUpdate":false,"showSkybox":true,"showFlares":true,"showImageEffects":true,"showParticleSystems":true},"in2DMode":false,"pivot":{"x":6.108005523681641,"y":0.3535945415496826,"z":3.3330273628234865},"rotation":{"x":-0.20196577906608582,"y":0.5291164517402649,"z":-0.13134118914604188,"w":-0.8136308789253235},"size":2.5142838954925539,"orthographic":false}